timestamp,event_type,owner_id,model_version,cluster_version,accuracy,loss
2025-10-01T07:19:18.353701+00:00,LOCAL_VALIDATION,7,0,N/A,10.3800,2.315758
2025-10-01T07:19:27.793446+00:00,LOCAL_VALIDATION,89,0,N/A,46.4000,1.456252
2025-10-01T07:19:37.307178+00:00,LOCAL_VALIDATION,99,0,N/A,48.3200,1.429228
2025-10-01T07:19:46.537574+00:00,LOCAL_VALIDATION,112,0,N/A,53.0000,1.310470
2025-10-01T07:19:56.017087+00:00,LOCAL_VALIDATION,6,0,N/A,54.1000,1.263091
2025-10-01T07:20:05.190049+00:00,LOCAL_VALIDATION,88,0,N/A,55.2000,1.278213
2025-10-01T07:20:14.200932+00:00,LOCAL_VALIDATION,98,0,N/A,57.5800,1.215859
2025-10-01T07:20:23.329664+00:00,LOCAL_VALIDATION,111,0,N/A,58.3800,1.180279
2025-10-01T07:20:32.933444+00:00,LOCAL_VALIDATION,5,0,N/A,59.8400,1.155871
2025-10-01T07:20:42.054370+00:00,LOCAL_VALIDATION,15,0,N/A,58.9000,1.171362
2025-10-01T07:20:51.427374+00:00,LOCAL_VALIDATION,24,0,N/A,59.6000,1.145873
2025-10-01T07:21:00.817514+00:00,LOCAL_VALIDATION,87,0,N/A,60.5600,1.171736
2025-10-01T07:21:10.074259+00:00,LOCAL_VALIDATION,97,0,N/A,59.6600,1.163022
2025-10-01T07:21:19.177932+00:00,LOCAL_VALIDATION,110,0,N/A,60.2200,1.176023
2025-10-01T07:21:28.654958+00:00,LOCAL_VALIDATION,4,0,N/A,60.2200,1.160219
2025-10-01T07:21:37.972038+00:00,LOCAL_VALIDATION,14,0,N/A,61.1600,1.154566
2025-10-01T07:21:47.501419+00:00,LOCAL_VALIDATION,23,0,N/A,60.2000,1.164088
2025-10-01T07:21:56.574590+00:00,LOCAL_VALIDATION,86,0,N/A,60.2800,1.200639
2025-10-01T07:22:05.700548+00:00,LOCAL_VALIDATION,96,0,N/A,59.9200,1.258344
2025-10-01T07:22:14.823848+00:00,LOCAL_VALIDATION,103,0,N/A,60.3200,1.192353
2025-10-01T07:22:23.970023+00:00,LOCAL_VALIDATION,119,0,N/A,60.8800,1.193648
2025-10-01T07:22:33.468470+00:00,LOCAL_VALIDATION,3,0,N/A,59.7000,1.278131
2025-10-01T07:22:42.617833+00:00,LOCAL_VALIDATION,13,0,N/A,59.3800,1.248250
2025-10-01T07:22:51.854311+00:00,LOCAL_VALIDATION,22,0,N/A,59.6200,1.287828
2025-10-01T07:23:01.117065+00:00,LOCAL_VALIDATION,85,0,N/A,59.6200,1.307657
2025-10-01T07:23:10.361814+00:00,LOCAL_VALIDATION,95,0,N/A,59.2200,1.348041
2025-10-01T07:23:19.534377+00:00,LOCAL_VALIDATION,102,0,N/A,59.7800,1.316491
2025-10-01T07:23:29.163010+00:00,LOCAL_VALIDATION,2,0,N/A,60.0800,1.386255
2025-10-01T07:23:38.480088+00:00,LOCAL_VALIDATION,12,0,N/A,59.7000,1.338146
2025-10-01T07:23:47.634503+00:00,LOCAL_VALIDATION,21,0,N/A,59.7800,1.384722
2025-10-01T07:23:56.849211+00:00,LOCAL_VALIDATION,84,0,N/A,60.4800,1.342103
2025-10-01T07:24:06.166679+00:00,LOCAL_VALIDATION,94,0,N/A,59.0600,1.434903
2025-10-01T07:24:15.310383+00:00,LOCAL_VALIDATION,101,0,N/A,59.6200,1.448407
2025-10-01T07:24:24.817955+00:00,LOCAL_VALIDATION,1,0,N/A,59.7400,1.465714
2025-10-01T07:24:33.890048+00:00,LOCAL_VALIDATION,83,0,N/A,59.2200,1.477219
2025-10-01T07:24:42.946988+00:00,LOCAL_VALIDATION,93,0,N/A,60.5000,1.504861
2025-10-01T07:24:52.082715+00:00,LOCAL_VALIDATION,122,0,N/A,59.6800,1.596344
2025-10-01T07:24:53.737284+00:00,CLUSTER_TEST,SAT_20,0,1,59.0000,1.580971
2025-10-01T07:24:55.225143+00:00,CLUSTER_TEST,SAT_160,0,1,58.9900,1.580956
2025-10-01T07:25:04.404464+00:00,LOCAL_VALIDATION,82,0,N/A,59.4000,1.583234
2025-10-01T07:25:13.595192+00:00,LOCAL_VALIDATION,92,0,N/A,60.2400,1.605859
2025-10-01T07:25:22.806525+00:00,LOCAL_VALIDATION,121,0,N/A,59.5800,1.584667
2025-10-01T07:25:32.105841+00:00,LOCAL_VALIDATION,131,0,N/A,58.2200,1.631306
2025-10-01T07:25:41.634303+00:00,LOCAL_VALIDATION,9,0,N/A,59.2200,1.607867
2025-10-01T07:25:51.149878+00:00,LOCAL_VALIDATION,81,0,N/A,59.4800,1.668700
2025-10-01T07:26:00.714807+00:00,LOCAL_VALIDATION,91,0,N/A,59.1800,1.685313
2025-10-01T07:26:09.909251+00:00,LOCAL_VALIDATION,130,0,N/A,58.1200,1.690774
2025-10-01T07:26:11.500411+00:00,CLUSTER_TEST,SAT_60,0,1,58.6500,1.679291
2025-10-01T07:26:20.612985+00:00,LOCAL_VALIDATION,8,0,N/A,59.5200,1.735925
2025-10-01T07:26:29.748280+00:00,LOCAL_VALIDATION,90,0,N/A,58.6200,1.748880
2025-10-01T07:26:39.094105+00:00,LOCAL_VALIDATION,117,0,N/A,59.4200,1.779498
2025-10-01T07:26:48.435860+00:00,LOCAL_VALIDATION,129,0,N/A,59.3600,1.811288
2025-10-01T07:26:57.865014+00:00,LOCAL_VALIDATION,139,0,N/A,59.0800,1.859660
2025-10-01T07:26:59.534187+00:00,CLUSTER_TEST,SAT_100,0,1,59.4600,1.811503
2025-10-01T07:27:08.839632+00:00,LOCAL_VALIDATION,116,0,N/A,59.6600,1.817060
2025-10-01T07:27:18.040886+00:00,LOCAL_VALIDATION,128,0,N/A,58.4800,1.942393
2025-10-01T07:27:27.202669+00:00,LOCAL_VALIDATION,138,0,N/A,59.7000,1.893419
2025-10-01T07:27:36.675785+00:00,LOCAL_VALIDATION,115,0,N/A,57.8800,2.002899
2025-10-01T07:27:45.851741+00:00,LOCAL_VALIDATION,127,0,N/A,59.1000,1.932008
2025-10-01T07:27:55.034152+00:00,LOCAL_VALIDATION,137,0,N/A,58.3800,2.033886
2025-10-01T07:28:04.577981+00:00,LOCAL_VALIDATION,126,0,N/A,59.3200,1.998475
2025-10-01T07:28:13.885761+00:00,LOCAL_VALIDATION,136,0,N/A,60.4400,1.975988
2025-10-01T07:28:23.280546+00:00,LOCAL_VALIDATION,125,0,N/A,59.0400,2.015788
2025-10-01T07:28:32.438299+00:00,LOCAL_VALIDATION,135,0,N/A,59.5600,1.978978
2025-10-01T07:28:34.082633+00:00,CLUSTER_TEST,SAT_120,0,1,58.9900,2.032237
2025-10-01T07:28:43.303798+00:00,LOCAL_VALIDATION,124,0,N/A,59.6200,2.013942
2025-10-01T07:28:52.607697+00:00,LOCAL_VALIDATION,134,0,N/A,59.4200,2.114463
2025-10-01T07:29:02.244128+00:00,LOCAL_VALIDATION,123,0,N/A,59.9000,2.039617
2025-10-01T07:29:04.020794+00:00,CLUSTER_TEST,SAT_20,0,2,59.8600,2.029576
2025-10-01T07:29:05.852696+00:00,CLUSTER_TEST,SAT_180,0,1,59.8600,2.029576
2025-10-01T07:29:23.444002+00:00,LOCAL_VALIDATION,59,0,N/A,58.4600,2.073069
2025-10-01T07:29:32.832734+00:00,LOCAL_VALIDATION,151,0,N/A,59.6800,2.086624
2025-10-01T07:29:42.092678+00:00,LOCAL_VALIDATION,58,0,N/A,58.8600,2.075627
2025-10-01T07:29:43.672544+00:00,CLUSTER_TEST,SAT_40,0,1,59.9300,2.086804
2025-10-01T07:29:52.875442+00:00,LOCAL_VALIDATION,159,0,N/A,59.2200,2.244292
2025-10-01T07:30:02.490840+00:00,LOCAL_VALIDATION,118,0,N/A,59.0800,2.190160
2025-10-01T07:30:11.693734+00:00,LOCAL_VALIDATION,157,0,N/A,59.2000,2.159562
2025-10-01T07:30:21.021530+00:00,LOCAL_VALIDATION,167,0,N/A,58.1600,2.227051
2025-10-01T07:30:30.615202+00:00,LOCAL_VALIDATION,117,0,N/A,59.3400,2.154629
2025-10-01T07:30:39.772089+00:00,LOCAL_VALIDATION,156,0,N/A,58.3800,2.275149
2025-10-01T07:30:49.039618+00:00,LOCAL_VALIDATION,166,0,N/A,59.5000,2.265191
2025-10-01T07:30:58.492869+00:00,LOCAL_VALIDATION,155,0,N/A,59.0600,2.430220
2025-10-01T07:31:08.529559+00:00,LOCAL_VALIDATION,154,0,N/A,59.1200,2.284125
2025-10-01T07:31:18.462140+00:00,LOCAL_VALIDATION,114,0,N/A,59.1800,2.388159
2025-10-01T07:31:27.728887+00:00,LOCAL_VALIDATION,153,0,N/A,57.9200,2.469190
2025-10-01T07:31:37.582932+00:00,LOCAL_VALIDATION,141,0,N/A,58.8400,2.345095
2025-10-01T07:31:38.931911+00:00,GLOBAL_TEST,Seoul-GS,1,N/A,59.4500,2.320434
2025-10-01T07:31:40.319601+00:00,GLOBAL_TEST,Houston-GS,1,N/A,59.4500,2.320434
2025-10-01T07:31:49.760713+00:00,LOCAL_VALIDATION,163,0,N/A,59.0600,2.414520
2025-10-01T07:31:59.152730+00:00,LOCAL_VALIDATION,149,0,N/A,58.8400,2.466992
2025-10-01T07:32:08.629345+00:00,LOCAL_VALIDATION,162,0,N/A,59.6600,2.359661
2025-10-01T07:32:17.887779+00:00,LOCAL_VALIDATION,52,0,N/A,58.6200,2.428332
2025-10-01T07:32:27.398420+00:00,LOCAL_VALIDATION,148,0,N/A,59.1200,2.461515
2025-10-01T07:32:36.684555+00:00,LOCAL_VALIDATION,50,0,N/A,59.0800,2.405880
2025-10-01T07:32:46.100572+00:00,LOCAL_VALIDATION,146,0,N/A,59.4800,2.476952
2025-10-01T07:32:55.301406+00:00,LOCAL_VALIDATION,169,0,N/A,59.3800,2.448359
2025-10-01T07:32:56.863470+00:00,CLUSTER_TEST,SAT_140,0,1,59.9700,2.403870
2025-10-01T07:33:06.309549+00:00,LOCAL_VALIDATION,145,0,N/A,59.8600,2.494516
2025-10-01T07:33:15.732328+00:00,LOCAL_VALIDATION,144,0,N/A,58.7200,2.537203
2025-10-01T07:33:24.979486+00:00,LOCAL_VALIDATION,57,0,N/A,59.4000,2.530751
2025-10-01T07:33:34.324554+00:00,LOCAL_VALIDATION,143,0,N/A,58.6200,2.641317
2025-10-01T07:33:35.665744+00:00,CLUSTER_TEST,SAT_40,1,1,59.4500,2.320434
2025-10-01T07:33:45.052524+00:00,LOCAL_VALIDATION,152,0,N/A,59.1600,2.517637
2025-10-01T07:33:54.312862+00:00,LOCAL_VALIDATION,142,0,N/A,59.6000,2.484083
2025-10-01T07:34:04.160751+00:00,LOCAL_VALIDATION,168,0,N/A,59.9000,2.536971
2025-10-01T07:34:13.656400+00:00,LOCAL_VALIDATION,189,0,N/A,59.3000,2.581957
2025-10-01T07:34:15.360369+00:00,CLUSTER_TEST,SAT_160,0,2,59.5400,2.496882
2025-10-01T07:34:24.600587+00:00,LOCAL_VALIDATION,9,0,N/A,58.3800,2.651029
2025-10-01T07:34:33.864351+00:00,LOCAL_VALIDATION,188,0,N/A,60.5000,2.502772
2025-10-01T07:34:43.827052+00:00,LOCAL_VALIDATION,147,0,N/A,59.2400,2.567078
2025-10-01T07:34:53.159047+00:00,LOCAL_VALIDATION,186,0,N/A,60.0600,2.590820
2025-10-01T07:35:03.620832+00:00,LOCAL_VALIDATION,184,0,N/A,59.9600,2.521692
2025-10-01T07:35:13.345126+00:00,LOCAL_VALIDATION,183,0,N/A,59.8000,2.601045
2025-10-01T07:35:23.026330+00:00,LOCAL_VALIDATION,2,0,N/A,58.8800,2.638188
2025-10-01T07:35:32.243479+00:00,LOCAL_VALIDATION,172,1,N/A,59.2000,2.429569
2025-10-01T07:35:41.526971+00:00,LOCAL_VALIDATION,182,0,N/A,59.6400,2.686441
2025-10-01T07:35:51.095126+00:00,LOCAL_VALIDATION,170,0,N/A,59.6200,2.690944
2025-10-01T07:35:52.561705+00:00,CLUSTER_TEST,SAT_20,0,3,59.8100,2.617747
2025-10-01T07:36:01.973274+00:00,LOCAL_VALIDATION,192,0,N/A,60.2000,2.647051
2025-10-01T07:36:11.165811+00:00,LOCAL_VALIDATION,179,0,N/A,59.1400,2.666211
2025-10-01T07:36:20.485934+00:00,LOCAL_VALIDATION,187,0,N/A,58.9400,2.681248
2025-10-01T07:36:29.745209+00:00,LOCAL_VALIDATION,190,1,N/A,59.0000,2.300291
2025-10-01T07:36:39.027112+00:00,LOCAL_VALIDATION,177,0,N/A,59.3000,2.673418
2025-10-01T07:36:40.340395+00:00,CLUSTER_TEST,SAT_60,1,1,60.2200,2.250709
2025-10-01T07:36:49.713781+00:00,LOCAL_VALIDATION,199,0,N/A,59.7800,2.642045
2025-10-01T07:36:58.861787+00:00,LOCAL_VALIDATION,176,0,N/A,59.7800,2.682836
2025-10-01T07:37:08.453666+00:00,LOCAL_VALIDATION,185,0,N/A,59.8800,2.829584
2025-10-01T07:37:17.677483+00:00,LOCAL_VALIDATION,198,0,N/A,59.4200,2.703891
2025-10-01T07:37:26.946734+00:00,LOCAL_VALIDATION,175,0,N/A,59.4800,2.699535
2025-10-01T07:37:36.348700+00:00,LOCAL_VALIDATION,197,0,N/A,59.5000,2.748243
2025-10-01T07:37:45.446259+00:00,LOCAL_VALIDATION,174,0,N/A,59.5000,2.715080
2025-10-01T07:37:54.783410+00:00,LOCAL_VALIDATION,173,0,N/A,59.9400,2.751209
2025-10-01T07:38:03.891823+00:00,LOCAL_VALIDATION,183,1,N/A,58.0800,2.476927
2025-10-01T07:38:05.533031+00:00,CLUSTER_TEST,SAT_80,0,1,59.4700,2.668834
2025-10-01T07:38:07.041804+00:00,CLUSTER_TEST,SAT_20,0,4,59.4700,2.668834
2025-10-01T07:38:23.383895+00:00,LOCAL_VALIDATION,165,0,N/A,59.8200,2.757137
2025-10-01T07:38:33.249857+00:00,LOCAL_VALIDATION,164,0,N/A,58.5000,2.794045
2025-10-01T07:38:38.814605+00:00,CLUSTER_TEST,SAT_20,0,5,59.5800,2.794332
2025-10-01T07:38:53.522638+00:00,LOCAL_VALIDATION,27,0,N/A,59.1200,2.756937
2025-10-01T07:39:03.396636+00:00,LOCAL_VALIDATION,26,0,N/A,59.7600,2.730690
2025-10-01T07:39:22.876384+00:00,LOCAL_VALIDATION,32,0,N/A,58.9400,2.842689
2025-10-01T07:39:32.543995+00:00,LOCAL_VALIDATION,42,0,N/A,60.2000,2.775566
2025-10-01T07:39:42.021068+00:00,LOCAL_VALIDATION,191,0,N/A,60.3200,2.752771
2025-10-01T07:39:43.581550+00:00,CLUSTER_TEST,SAT_60,1,2,60.2200,2.250709
2025-10-01T07:39:45.118203+00:00,CLUSTER_TEST,SAT_0,1,1,59.5300,2.371450
2025-10-01T07:39:54.266554+00:00,LOCAL_VALIDATION,31,0,N/A,60.6400,2.827121
2025-10-01T07:40:03.692857+00:00,LOCAL_VALIDATION,39,0,N/A,59.5800,2.838695
2025-10-01T07:40:12.978329+00:00,LOCAL_VALIDATION,49,0,N/A,60.0800,2.923291
2025-10-01T07:40:22.373889+00:00,LOCAL_VALIDATION,38,0,N/A,59.2800,2.924656
2025-10-01T07:40:31.591804+00:00,LOCAL_VALIDATION,48,0,N/A,60.2200,2.886271
2025-10-01T07:40:41.079197+00:00,LOCAL_VALIDATION,37,0,N/A,59.7000,2.816390
2025-10-01T07:40:50.367119+00:00,LOCAL_VALIDATION,47,0,N/A,59.9200,2.880478
2025-10-01T07:40:59.746798+00:00,LOCAL_VALIDATION,36,0,N/A,60.0000,2.897325
2025-10-01T07:41:09.130485+00:00,LOCAL_VALIDATION,46,0,N/A,60.2200,2.919701
2025-10-01T07:41:18.759171+00:00,LOCAL_VALIDATION,35,0,N/A,59.7600,2.879466
2025-10-01T07:41:28.147451+00:00,LOCAL_VALIDATION,45,0,N/A,59.8600,3.027625
2025-10-01T07:41:37.543584+00:00,LOCAL_VALIDATION,34,0,N/A,59.4200,2.967738
2025-10-01T07:41:47.463138+00:00,LOCAL_VALIDATION,33,0,N/A,59.5800,2.823966
2025-10-01T07:41:49.056498+00:00,GLOBAL_TEST,Seoul-GS,2,N/A,60.6400,2.476582
2025-10-01T07:41:58.340727+00:00,LOCAL_VALIDATION,56,0,N/A,59.5200,2.845392
2025-10-01T07:42:07.843675+00:00,LOCAL_VALIDATION,54,0,N/A,60.4600,2.901504
2025-10-01T07:42:17.509536+00:00,LOCAL_VALIDATION,30,0,N/A,59.9400,3.084197
2025-10-01T07:42:26.810675+00:00,LOCAL_VALIDATION,11,0,N/A,60.2400,2.947143
2025-10-01T07:42:36.156208+00:00,LOCAL_VALIDATION,29,1,N/A,59.4400,2.346544
2025-10-01T07:42:45.613749+00:00,LOCAL_VALIDATION,77,0,N/A,59.5600,2.978385
2025-10-01T07:42:55.052273+00:00,LOCAL_VALIDATION,28,0,N/A,60.8000,2.909581
2025-10-01T07:43:04.375563+00:00,LOCAL_VALIDATION,53,1,N/A,59.6000,2.438282
2025-10-01T07:43:13.571526+00:00,LOCAL_VALIDATION,65,0,N/A,59.4000,2.884888
2025-10-01T07:43:22.835508+00:00,LOCAL_VALIDATION,75,0,N/A,60.2600,2.903036
2025-10-01T07:43:32.064782+00:00,LOCAL_VALIDATION,172,1,N/A,58.9400,2.508055
2025-10-01T07:43:41.539754+00:00,LOCAL_VALIDATION,64,0,N/A,60.0000,3.008787
2025-10-01T07:43:50.676155+00:00,LOCAL_VALIDATION,74,0,N/A,59.7600,3.039583
2025-10-01T07:44:00.153823+00:00,LOCAL_VALIDATION,171,1,N/A,59.6400,2.412920
2025-10-01T07:44:09.365529+00:00,LOCAL_VALIDATION,25,0,N/A,61.1400,2.965297
2025-10-01T07:44:18.732326+00:00,LOCAL_VALIDATION,51,0,N/A,60.1400,3.008931
2025-10-01T07:44:27.889781+00:00,LOCAL_VALIDATION,63,0,N/A,59.6800,3.002203
2025-10-01T07:44:37.063541+00:00,LOCAL_VALIDATION,73,0,N/A,59.5000,2.910042
2025-10-01T07:44:46.261121+00:00,LOCAL_VALIDATION,170,1,N/A,59.6000,2.443857
2025-10-01T07:44:47.818775+00:00,CLUSTER_TEST,SAT_0,1,2,59.5300,2.357885
2025-10-01T07:44:57.035251+00:00,LOCAL_VALIDATION,62,0,N/A,60.3200,2.961193
2025-10-01T07:45:06.186668+00:00,LOCAL_VALIDATION,72,0,N/A,60.4600,2.986437
2025-10-01T07:45:15.616390+00:00,LOCAL_VALIDATION,61,0,N/A,60.0200,3.005102
2025-10-01T07:45:24.793186+00:00,LOCAL_VALIDATION,71,0,N/A,59.3000,3.102721
2025-10-01T07:45:26.318436+00:00,CLUSTER_TEST,SAT_60,2,1,60.6400,2.476582
2025-10-01T07:45:27.742946+00:00,CLUSTER_TEST,SAT_20,1,1,59.5300,2.357885
2025-10-01T07:45:37.199406+00:00,LOCAL_VALIDATION,70,0,N/A,59.8400,3.075223
2025-10-01T07:45:46.864896+00:00,LOCAL_VALIDATION,69,0,N/A,60.6000,3.073396
2025-10-01T07:45:56.109597+00:00,LOCAL_VALIDATION,79,0,N/A,60.2600,3.095036
2025-10-01T07:46:05.677489+00:00,LOCAL_VALIDATION,68,0,N/A,60.5600,3.082424
2025-10-01T07:46:14.954534+00:00,LOCAL_VALIDATION,78,0,N/A,59.2200,3.097921
2025-10-01T07:46:24.418402+00:00,LOCAL_VALIDATION,67,0,N/A,59.4600,3.059179
2025-10-01T07:46:34.238142+00:00,LOCAL_VALIDATION,66,0,N/A,59.5600,3.098423
2025-10-01T07:46:43.643723+00:00,LOCAL_VALIDATION,76,0,N/A,59.4600,3.058193
2025-10-01T07:47:03.276412+00:00,LOCAL_VALIDATION,105,0,N/A,60.1800,3.060788
2025-10-01T07:47:12.914737+00:00,LOCAL_VALIDATION,55,0,N/A,60.2600,3.091194
2025-10-01T07:47:22.445161+00:00,LOCAL_VALIDATION,94,1,N/A,59.5800,2.390238
2025-10-01T07:47:32.734088+00:00,LOCAL_VALIDATION,104,0,N/A,60.6000,3.081625
2025-10-01T07:47:35.618991+00:00,CLUSTER_TEST,SAT_40,1,2,59.5300,2.357885
2025-10-01T07:47:52.861379+00:00,LOCAL_VALIDATION,108,1,N/A,59.0200,2.459002
2025-10-01T07:48:02.675543+00:00,LOCAL_VALIDATION,107,1,N/A,59.7400,2.363452
2025-10-01T07:48:12.561446+00:00,LOCAL_VALIDATION,195,1,N/A,58.7200,2.415902
2025-10-01T07:48:15.012997+00:00,CLUSTER_TEST,SAT_40,1,3,60.4000,2.387033
2025-10-01T07:48:29.020612+00:00,LOCAL_VALIDATION,93,0,N/A,60.0200,3.188907
2025-10-01T07:48:39.893537+00:00,LOCAL_VALIDATION,106,0,N/A,59.3800,3.126886
2025-10-01T07:48:50.807504+00:00,LOCAL_VALIDATION,194,1,N/A,59.5400,2.407872
2025-10-01T07:49:01.971902+00:00,LOCAL_VALIDATION,81,1,N/A,59.6400,2.453008
2025-10-01T07:49:13.457379+00:00,LOCAL_VALIDATION,91,1,N/A,59.7000,2.489410
2025-10-01T07:49:24.516678+00:00,LOCAL_VALIDATION,90,1,N/A,59.9200,2.421964
2025-10-01T07:49:45.200542+00:00,CLUSTER_TEST,SAT_100,1,1,60.1400,2.422446
2025-10-01T07:49:46.709323+00:00,CLUSTER_TEST,SAT_20,2,1,61.4400,2.349727
2025-10-01T07:49:57.279110+00:00,LOCAL_VALIDATION,118,1,N/A,59.5800,2.511498
2025-10-01T07:50:07.929865+00:00,LOCAL_VALIDATION,117,1,N/A,59.5600,2.501285
2025-10-01T07:50:18.924545+00:00,LOCAL_VALIDATION,133,0,N/A,60.4000,3.156508
2025-10-01T07:50:29.326593+00:00,LOCAL_VALIDATION,2,1,N/A,60.0400,2.505505
2025-10-01T07:50:39.571306+00:00,LOCAL_VALIDATION,53,2,N/A,60.4200,2.625155
2025-10-01T07:50:41.141575+00:00,CLUSTER_TEST,SAT_120,2,1,60.1700,2.622989
2025-10-01T07:50:42.590770+00:00,CLUSTER_TEST,SAT_180,1,1,59.9600,2.478955
2025-10-01T07:50:44.089421+00:00,GLOBAL_TEST,Houston-GS,2,N/A,61.0200,2.496980
2025-10-01T07:50:55.737264+00:00,LOCAL_VALIDATION,132,0,N/A,59.6600,3.146570
2025-10-01T07:51:13.076981+00:00,CLUSTER_TEST,SAT_140,2,1,60.1700,2.622989
2025-10-01T07:51:16.151186+00:00,GLOBAL_TEST,Houston-GS,3,N/A,61.1300,2.471030
2025-10-01T07:51:18.237507+00:00,CLUSTER_TEST,SAT_40,2,1,60.8700,2.447460
2025-10-01T07:51:50.631693+00:00,LOCAL_VALIDATION,190,2,N/A,60.3400,2.813474
2025-10-01T07:51:53.278520+00:00,CLUSTER_TEST,SAT_80,2,1,60.4900,2.754708
2025-10-01T07:51:55.223175+00:00,CLUSTER_TEST,SAT_100,2,1,60.8700,2.447460
2025-10-01T07:51:57.139599+00:00,CLUSTER_TEST,SAT_0,3,1,61.0200,2.554838
2025-10-01T07:52:29.967878+00:00,LOCAL_VALIDATION,118,1,N/A,59.7000,2.482227
2025-10-01T07:52:33.066080+00:00,CLUSTER_TEST,SAT_160,3,1,61.0200,2.554838
2025-10-01T07:52:34.559568+00:00,GLOBAL_TEST,Seoul-GS,3,N/A,60.6500,2.492700
2025-10-01T07:52:52.033082+00:00,LOCAL_VALIDATION,13,2,N/A,60.8600,2.676409
2025-10-01T07:53:04.167831+00:00,LOCAL_VALIDATION,196,0,N/A,59.9200,3.087859
2025-10-01T07:53:15.527222+00:00,LOCAL_VALIDATION,195,2,N/A,59.5000,2.735549
2025-10-01T07:53:26.706269+00:00,LOCAL_VALIDATION,44,0,N/A,59.8800,3.032493
2025-10-01T07:53:37.627252+00:00,LOCAL_VALIDATION,194,2,N/A,59.7200,2.787535
2025-10-01T07:53:48.359997+00:00,LOCAL_VALIDATION,43,0,N/A,60.3400,3.029248
2025-10-01T07:53:58.360756+00:00,LOCAL_VALIDATION,193,0,N/A,60.3000,3.131543
2025-10-01T07:53:59.945777+00:00,CLUSTER_TEST,SAT_40,3,1,60.6500,2.492700
2025-10-01T07:54:20.701592+00:00,LOCAL_VALIDATION,13,3,N/A,59.8600,2.702888
2025-10-01T07:54:29.896951+00:00,CLUSTER_TEST,SAT_20,3,1,61.0200,2.554838
2025-10-01T07:54:31.578704+00:00,CLUSTER_TEST,SAT_40,3,2,60.2900,2.685552
2025-10-01T07:54:39.361727+00:00,CLUSTER_TEST,SAT_80,3,1,61.0900,2.556539
2025-10-01T07:55:03.219423+00:00,LOCAL_VALIDATION,53,3,N/A,60.1200,2.746782
2025-10-01T07:55:06.220224+00:00,GLOBAL_TEST,Houston-GS,4,N/A,61.2100,2.636032
2025-10-01T07:55:08.214992+00:00,CLUSTER_TEST,SAT_40,3,3,61.1400,2.600017
2025-10-01T07:55:20.503111+00:00,LOCAL_VALIDATION,91,3,N/A,60.3000,2.783609
2025-10-01T07:55:33.818087+00:00,LOCAL_VALIDATION,90,3,N/A,59.7800,2.932990
2025-10-01T07:55:47.076817+00:00,LOCAL_VALIDATION,109,3,N/A,58.3600,3.010622
2025-10-01T07:55:53.110416+00:00,CLUSTER_TEST,SAT_100,3,1,59.2400,2.950421
2025-10-01T07:55:55.256414+00:00,CLUSTER_TEST,SAT_120,3,1,59.2400,2.950421
2025-10-01T07:56:11.350706+00:00,LOCAL_VALIDATION,82,3,N/A,60.4600,2.821036
2025-10-01T07:56:26.207117+00:00,LOCAL_VALIDATION,81,3,N/A,59.1400,2.734899
2025-10-01T07:56:39.507767+00:00,LOCAL_VALIDATION,91,3,N/A,60.2800,2.580177
2025-10-01T07:56:42.720235+00:00,CLUSTER_TEST,SAT_0,3,2,60.2300,2.584147
2025-10-01T07:56:45.220548+00:00,CLUSTER_TEST,SAT_140,3,1,60.3800,2.752465
2025-10-01T07:56:57.589695+00:00,LOCAL_VALIDATION,90,3,N/A,58.5200,2.706417
2025-10-01T07:57:10.071850+00:00,LOCAL_VALIDATION,107,3,N/A,59.5400,2.686793
2025-10-01T07:57:23.479415+00:00,LOCAL_VALIDATION,17,0,N/A,60.5400,3.054666
2025-10-01T07:57:26.156174+00:00,CLUSTER_TEST,SAT_60,3,1,60.0800,2.661707
2025-10-01T07:57:28.264276+00:00,CLUSTER_TEST,SAT_100,3,2,60.0800,2.661707
2025-10-01T07:57:41.716252+00:00,LOCAL_VALIDATION,16,0,N/A,60.0600,3.083094
2025-10-01T07:58:00.288496+00:00,CLUSTER_TEST,SAT_100,3,3,60.0800,2.661707
2025-10-01T07:58:25.585157+00:00,LOCAL_VALIDATION,118,3,N/A,60.7800,2.683074
2025-10-01T07:58:49.534049+00:00,LOCAL_VALIDATION,83,3,N/A,59.6400,2.760038
2025-10-01T07:59:02.141490+00:00,LOCAL_VALIDATION,184,3,N/A,59.3200,2.664851
2025-10-01T07:59:14.192257+00:00,LOCAL_VALIDATION,82,3,N/A,60.1000,2.880048
2025-10-01T07:59:27.112093+00:00,LOCAL_VALIDATION,161,3,N/A,58.9800,2.849984
2025-10-01T07:59:50.022029+00:00,LOCAL_VALIDATION,172,3,N/A,59.0800,2.705894
2025-10-01T08:00:02.881546+00:00,LOCAL_VALIDATION,195,3,N/A,60.3400,2.751433
2025-10-01T08:00:05.598026+00:00,CLUSTER_TEST,SAT_40,4,1,61.2100,2.636032
2025-10-01T08:00:18.610757+00:00,LOCAL_VALIDATION,2,4,N/A,60.3200,2.852415
2025-10-01T08:00:31.292883+00:00,LOCAL_VALIDATION,171,3,N/A,58.2400,2.723921
2025-10-01T08:00:44.827830+00:00,LOCAL_VALIDATION,181,0,N/A,60.0000,3.109191
2025-10-01T08:00:58.631650+00:00,LOCAL_VALIDATION,194,3,N/A,59.9000,2.686125
2025-10-01T08:01:13.630226+00:00,LOCAL_VALIDATION,170,4,N/A,59.9800,2.941848
2025-10-01T08:01:17.182114+00:00,CLUSTER_TEST,SAT_40,4,2,59.2500,2.942016
2025-10-01T08:01:19.519325+00:00,CLUSTER_TEST,SAT_120,3,2,58.5300,2.725826
2025-10-01T08:01:47.389009+00:00,CLUSTER_TEST,SAT_20,4,1,59.2500,2.942016
2025-10-01T08:01:50.408791+00:00,CLUSTER_TEST,SAT_40,4,3,59.2500,2.942016
2025-10-01T08:02:18.695087+00:00,CLUSTER_TEST,SAT_0,4,1,59.2500,2.942016
2025-10-01T08:02:23.098064+00:00,CLUSTER_TEST,SAT_20,4,2,59.2500,2.942016
2025-10-01T08:02:26.564283+00:00,CLUSTER_TEST,SAT_140,4,1,59.2500,2.942016
2025-10-01T08:02:48.196804+00:00,LOCAL_VALIDATION,161,4,N/A,58.6000,2.837621
2025-10-01T08:03:03.481961+00:00,LOCAL_VALIDATION,41,0,N/A,60.3400,3.121649
2025-10-01T08:03:05.935623+00:00,CLUSTER_TEST,SAT_20,4,3,58.5600,2.827835
2025-10-01T08:03:38.807369+00:00,LOCAL_VALIDATION,190,4,N/A,60.2400,2.705491
2025-10-01T08:03:41.381319+00:00,CLUSTER_TEST,SAT_100,4,1,59.3500,2.708629
2025-10-01T08:03:53.670271+00:00,LOCAL_VALIDATION,53,4,N/A,59.8000,2.586443
2025-10-01T08:04:17.340499+00:00,LOCAL_VALIDATION,91,3,N/A,59.5600,2.663319
2025-10-01T08:04:19.731264+00:00,CLUSTER_TEST,SAT_60,4,1,59.6400,2.608846
2025-10-01T08:04:22.502874+00:00,CLUSTER_TEST,SAT_80,4,1,59.6400,2.608884
2025-10-01T08:04:24.582570+00:00,CLUSTER_TEST,SAT_160,4,1,59.6400,2.608884
2025-10-01T08:04:38.079034+00:00,LOCAL_VALIDATION,90,4,N/A,59.2800,2.647872
2025-10-01T08:04:54.233247+00:00,CLUSTER_TEST,SAT_100,4,2,59.8600,2.645022
2025-10-01T08:04:55.892589+00:00,CLUSTER_TEST,SAT_120,4,1,59.8600,2.645022
2025-10-01T08:05:12.124358+00:00,LOCAL_VALIDATION,83,4,N/A,59.9600,2.679124
2025-10-01T08:05:24.988676+00:00,LOCAL_VALIDATION,82,4,N/A,58.9000,2.731524
2025-10-01T08:05:27.078358+00:00,CLUSTER_TEST,SAT_20,4,4,58.7400,2.685293
2025-10-01T08:05:39.727975+00:00,LOCAL_VALIDATION,81,4,N/A,59.7600,2.662778
2025-10-01T08:05:41.827146+00:00,CLUSTER_TEST,SAT_160,4,2,59.4000,2.672691
2025-10-01T08:05:57.039825+00:00,LOCAL_VALIDATION,119,4,N/A,59.7000,2.656750
2025-10-01T08:06:13.057548+00:00,LOCAL_VALIDATION,118,4,N/A,59.7600,2.681401
2025-10-01T08:06:27.162434+00:00,LOCAL_VALIDATION,117,4,N/A,58.9000,2.768981
2025-10-01T08:06:41.796511+00:00,LOCAL_VALIDATION,29,4,N/A,59.6800,2.732435
2025-10-01T08:06:44.955736+00:00,CLUSTER_TEST,SAT_60,4,2,59.5800,2.743900
2025-10-01T08:06:48.925154+00:00,CLUSTER_TEST,SAT_120,4,2,59.5800,2.743900
2025-10-01T08:06:51.304368+00:00,CLUSTER_TEST,SAT_140,4,2,59.5800,2.743900
2025-10-01T08:07:17.242544+00:00,CLUSTER_TEST,SAT_60,4,3,59.5800,2.743900
2025-10-01T08:07:23.851221+00:00,CLUSTER_TEST,SAT_140,4,3,59.5800,2.743900
2025-10-01T08:07:50.739795+00:00,LOCAL_VALIDATION,172,4,N/A,60.0000,2.664436
2025-10-01T08:07:55.172469+00:00,CLUSTER_TEST,SAT_0,4,2,59.3900,2.748716
2025-10-01T08:07:57.330416+00:00,CLUSTER_TEST,SAT_40,4,4,59.3900,2.748716
2025-10-01T08:08:10.142448+00:00,LOCAL_VALIDATION,195,4,N/A,59.6400,2.811664
2025-10-01T08:08:22.950046+00:00,LOCAL_VALIDATION,171,4,N/A,59.3400,2.784553
2025-10-01T08:08:35.901271+00:00,LOCAL_VALIDATION,83,4,N/A,59.4000,2.704381
2025-10-01T08:08:48.078962+00:00,LOCAL_VALIDATION,170,4,N/A,59.3800,2.804347
2025-10-01T08:08:50.352611+00:00,CLUSTER_TEST,SAT_40,4,5,59.0800,2.823538
2025-10-01T08:09:04.167464+00:00,LOCAL_VALIDATION,82,4,N/A,59.6400,2.841993
2025-10-01T08:09:18.328855+00:00,LOCAL_VALIDATION,178,0,N/A,60.1600,3.169108
2025-10-01T08:09:31.291975+00:00,LOCAL_VALIDATION,81,4,N/A,60.1200,2.789128
2025-10-01T08:09:33.831590+00:00,CLUSTER_TEST,SAT_20,4,5,59.8900,2.790518
2025-10-01T08:10:35.951161+00:00,CLUSTER_TEST,SAT_100,4,3,59.8900,2.790518
2025-10-01T08:10:38.327823+00:00,CLUSTER_TEST,SAT_160,4,3,59.8900,2.790518
2025-10-01T08:10:55.412134+00:00,LOCAL_VALIDATION,90,4,N/A,59.6600,2.848545
2025-10-01T08:11:03.985693+00:00,CLUSTER_TEST,SAT_0,4,3,60.4300,2.735667
2025-10-01T08:11:06.170879+00:00,CLUSTER_TEST,SAT_40,4,6,60.4300,2.735667
2025-10-01T08:11:08.573849+00:00,CLUSTER_TEST,SAT_100,4,4,60.4300,2.735667
2025-10-01T08:11:10.354528+00:00,CLUSTER_TEST,SAT_120,4,3,60.4300,2.735667
2025-10-01T08:11:12.696750+00:00,CLUSTER_TEST,SAT_140,4,4,60.4300,2.735667
2025-10-01T08:11:23.375575+00:00,LOCAL_VALIDATION,81,4,N/A,59.3000,2.811488
2025-10-01T08:11:32.780572+00:00,LOCAL_VALIDATION,91,4,N/A,59.5000,2.916347
2025-10-01T08:11:37.935177+00:00,CLUSTER_TEST,SAT_60,4,4,59.4100,2.901819
2025-10-01T08:11:53.154091+00:00,LOCAL_VALIDATION,18,0,N/A,60.3400,3.166928
2025-10-01T08:12:02.428611+00:00,LOCAL_VALIDATION,107,4,N/A,59.2800,2.908382
2025-10-01T08:12:22.914502+00:00,LOCAL_VALIDATION,118,4,N/A,59.8800,2.828902
2025-10-01T08:12:33.170585+00:00,LOCAL_VALIDATION,117,4,N/A,60.0800,2.797271
2025-10-01T08:12:43.135547+00:00,LOCAL_VALIDATION,29,4,N/A,60.3600,2.867313
2025-10-01T08:12:44.747851+00:00,CLUSTER_TEST,SAT_20,4,6,60.1200,2.806211
2025-10-01T08:13:16.602628+00:00,CLUSTER_TEST,SAT_20,4,7,60.1200,2.806211
2025-10-01T08:13:26.604187+00:00,LOCAL_VALIDATION,161,4,N/A,60.4400,2.843457
2025-10-01T08:13:36.008156+00:00,LOCAL_VALIDATION,183,4,N/A,59.7200,2.825000
2025-10-01T08:13:45.777176+00:00,LOCAL_VALIDATION,171,4,N/A,59.8200,2.910655
2025-10-01T08:13:56.141609+00:00,LOCAL_VALIDATION,170,4,N/A,59.5200,2.857201
2025-10-01T08:13:57.593637+00:00,CLUSTER_TEST,SAT_40,4,7,60.0400,2.840230
2025-10-01T08:13:59.067760+00:00,CLUSTER_TEST,SAT_120,4,4,60.0400,2.840221
2025-10-01T08:14:26.461284+00:00,LOCAL_VALIDATION,190,4,N/A,59.9800,2.885745
2025-10-01T08:14:28.132283+00:00,CLUSTER_TEST,SAT_20,4,8,60.0600,2.808971
2025-10-01T08:14:38.231338+00:00,LOCAL_VALIDATION,172,4,N/A,59.6200,2.838283
2025-10-01T08:14:47.842572+00:00,CLUSTER_TEST,SAT_0,4,4,59.6200,2.924440
2025-10-01T08:15:49.041812+00:00,LOCAL_VALIDATION,91,4,N/A,59.1400,2.913276
2025-10-01T08:15:59.264865+00:00,LOCAL_VALIDATION,90,4,N/A,59.6600,2.954176
2025-10-01T08:16:10.208603+00:00,CLUSTER_TEST,SAT_100,4,5,59.0800,2.972427
2025-10-01T08:16:11.929064+00:00,CLUSTER_TEST,SAT_120,4,5,59.0800,2.972427
2025-10-01T08:16:13.623130+00:00,CLUSTER_TEST,SAT_140,4,5,59.0800,2.972427
2025-10-01T08:16:23.389128+00:00,LOCAL_VALIDATION,90,4,N/A,59.7800,2.909460
2025-10-01T08:16:31.116632+00:00,CLUSTER_TEST,SAT_20,4,9,59.3100,2.960114
2025-10-01T08:16:43.300439+00:00,LOCAL_VALIDATION,108,4,N/A,60.2200,2.855465
2025-10-01T08:16:45.007251+00:00,CLUSTER_TEST,SAT_40,4,8,60.1300,2.874490
2025-10-01T08:16:46.530024+00:00,CLUSTER_TEST,SAT_100,4,6,60.1300,2.874490
2025-10-01T08:16:55.936093+00:00,LOCAL_VALIDATION,81,4,N/A,60.2000,2.821523
2025-10-01T08:17:05.459205+00:00,LOCAL_VALIDATION,107,4,N/A,59.3400,2.849979
2025-10-01T08:17:07.146847+00:00,CLUSTER_TEST,SAT_20,4,10,60.2500,2.816436
2025-10-01T08:17:24.945240+00:00,LOCAL_VALIDATION,118,4,N/A,58.8800,2.953034
2025-10-01T08:17:34.941647+00:00,LOCAL_VALIDATION,117,4,N/A,60.0400,2.894301
2025-10-01T08:17:44.495711+00:00,LOCAL_VALIDATION,29,4,N/A,59.5600,2.879343
2025-10-01T08:17:46.401728+00:00,CLUSTER_TEST,SAT_60,4,5,59.4600,2.934987
2025-10-01T08:18:04.073093+00:00,LOCAL_VALIDATION,107,4,N/A,60.1200,2.890137
2025-10-01T08:18:14.054985+00:00,LOCAL_VALIDATION,2,4,N/A,60.5600,2.854476
2025-10-01T08:18:35.692732+00:00,CLUSTER_TEST,SAT_120,4,6,60.1400,2.976114
2025-10-01T08:18:45.568817+00:00,LOCAL_VALIDATION,184,4,N/A,59.4800,2.895359
2025-10-01T08:18:47.026428+00:00,CLUSTER_TEST,SAT_40,4,9,59.8400,2.945668
2025-10-01T08:18:56.828724+00:00,LOCAL_VALIDATION,172,4,N/A,60.0000,3.014008
2025-10-01T08:19:06.670869+00:00,LOCAL_VALIDATION,170,4,N/A,60.0600,2.947094
2025-10-01T08:19:26.507359+00:00,LOCAL_VALIDATION,83,4,N/A,59.3800,2.984784
2025-10-01T08:19:47.490374+00:00,CLUSTER_TEST,SAT_20,4,11,60.1000,3.006553
2025-10-01T08:20:17.760851+00:00,LOCAL_VALIDATION,19,4,N/A,59.4600,3.023158
2025-10-01T08:20:19.336426+00:00,CLUSTER_TEST,SAT_20,4,12,60.2300,3.007227
2025-10-01T08:20:51.156795+00:00,CLUSTER_TEST,SAT_20,4,13,60.2300,3.007227
2025-10-01T08:21:00.925886+00:00,LOCAL_VALIDATION,108,4,N/A,59.8200,2.983653
2025-10-01T08:21:10.584159+00:00,LOCAL_VALIDATION,93,4,N/A,59.7800,3.028356
2025-10-01T08:21:20.559432+00:00,LOCAL_VALIDATION,82,4,N/A,60.1400,3.003218
2025-10-01T08:21:30.537286+00:00,LOCAL_VALIDATION,81,4,N/A,60.2000,2.968778
2025-10-01T08:21:40.203697+00:00,LOCAL_VALIDATION,90,4,N/A,58.8000,3.032988
2025-10-01T08:21:42.233323+00:00,CLUSTER_TEST,SAT_100,4,7,59.4500,3.005056
2025-10-01T08:22:00.046697+00:00,LOCAL_VALIDATION,81,4,N/A,60.2200,2.953166
2025-10-01T08:22:01.600266+00:00,CLUSTER_TEST,SAT_140,4,6,59.8500,3.016736
2025-10-01T08:22:11.422405+00:00,LOCAL_VALIDATION,119,4,N/A,59.9000,2.923885
2025-10-01T08:22:13.041579+00:00,CLUSTER_TEST,SAT_60,4,6,60.0200,2.993791
2025-10-01T08:22:14.622896+00:00,CLUSTER_TEST,SAT_120,4,7,60.0200,2.993791
2025-10-01T08:22:24.309782+00:00,LOCAL_VALIDATION,118,4,N/A,60.3800,2.939057
2025-10-01T08:22:33.481627+00:00,CLUSTER_TEST,SAT_140,4,7,59.9700,2.949718
2025-10-01T08:23:14.866618+00:00,CLUSTER_TEST,SAT_80,4,2,59.9700,2.949718
2025-10-01T08:23:35.302349+00:00,CLUSTER_TEST,SAT_160,4,4,59.9400,2.949753
2025-10-01T08:23:45.409077+00:00,LOCAL_VALIDATION,109,4,N/A,60.7000,2.947145
2025-10-01T08:23:46.877764+00:00,CLUSTER_TEST,SAT_120,4,8,59.6900,2.993814
2025-10-01T08:23:56.338544+00:00,LOCAL_VALIDATION,195,4,N/A,59.6600,2.892437
2025-10-01T08:24:06.369400+00:00,LOCAL_VALIDATION,194,4,N/A,60.1400,3.004803
2025-10-01T08:24:56.069058+00:00,LOCAL_VALIDATION,53,4,N/A,60.3200,2.980622
2025-10-01T08:25:16.203069+00:00,LOCAL_VALIDATION,81,4,N/A,59.5200,3.041759
2025-10-01T08:25:25.562919+00:00,LOCAL_VALIDATION,91,4,N/A,59.0800,3.049604
2025-10-01T08:25:27.074556+00:00,CLUSTER_TEST,SAT_100,4,8,59.3800,3.069676
2025-10-01T08:25:36.595584+00:00,LOCAL_VALIDATION,90,4,N/A,60.5200,3.062794
2025-10-01T08:25:37.959113+00:00,CLUSTER_TEST,SAT_120,4,9,59.5700,3.064326
2025-10-01T08:25:57.451102+00:00,CLUSTER_TEST,SAT_40,4,10,59.5600,3.064337
2025-10-01T08:25:59.094448+00:00,CLUSTER_TEST,SAT_60,4,7,59.5600,3.064337
2025-10-01T08:26:00.768895+00:00,CLUSTER_TEST,SAT_100,4,9,59.5600,3.064337
2025-10-01T08:26:10.373407+00:00,LOCAL_VALIDATION,81,4,N/A,60.3200,3.064129
2025-10-01T08:26:20.343746+00:00,LOCAL_VALIDATION,119,4,N/A,59.8000,3.106886
2025-10-01T08:26:30.498064+00:00,LOCAL_VALIDATION,118,4,N/A,60.3000,3.103925
2025-10-01T08:26:40.748689+00:00,LOCAL_VALIDATION,117,4,N/A,60.0400,3.079651
2025-10-01T08:27:02.389697+00:00,CLUSTER_TEST,SAT_80,4,3,59.7100,3.093022
2025-10-01T08:27:12.178082+00:00,LOCAL_VALIDATION,158,0,N/A,60.2800,3.208592
2025-10-01T08:27:13.760697+00:00,CLUSTER_TEST,SAT_120,4,10,59.7100,3.093022
2025-10-01T08:27:32.371167+00:00,CLUSTER_TEST,SAT_40,4,11,59.7100,3.093022
2025-10-01T08:27:34.040543+00:00,CLUSTER_TEST,SAT_60,4,8,59.7100,3.093022
2025-10-01T08:28:13.754108+00:00,LOCAL_VALIDATION,194,4,N/A,59.6200,3.176703
2025-10-01T08:29:13.429316+00:00,LOCAL_VALIDATION,82,4,N/A,60.1000,3.075019
2025-10-01T08:29:14.895894+00:00,CLUSTER_TEST,SAT_80,4,4,60.3000,3.103225
2025-10-01T08:29:16.503402+00:00,CLUSTER_TEST,SAT_140,4,8,60.3000,3.103225
2025-10-01T08:29:25.874345+00:00,LOCAL_VALIDATION,81,4,N/A,59.8800,3.076906
2025-10-01T08:29:35.346010+00:00,LOCAL_VALIDATION,91,4,N/A,59.6000,3.055360
2025-10-01T08:29:45.303306+00:00,CLUSTER_TEST,SAT_60,4,9,59.7600,3.078033
2025-10-01T08:30:15.053994+00:00,LOCAL_VALIDATION,2,4,N/A,59.9600,3.038320
2025-10-01T08:30:25.043068+00:00,LOCAL_VALIDATION,119,4,N/A,60.5800,2.966037
2025-10-01T08:30:34.683812+00:00,LOCAL_VALIDATION,108,4,N/A,60.7600,2.929833
2025-10-01T08:30:44.076865+00:00,LOCAL_VALIDATION,118,4,N/A,60.6800,3.073441
2025-10-01T08:30:53.572684+00:00,LOCAL_VALIDATION,107,4,N/A,60.1800,3.112448
2025-10-01T08:30:56.823260+00:00,CLUSTER_TEST,SAT_0,4,5,60.7000,3.114314
2025-10-01T08:31:23.277980+00:00,LOCAL_VALIDATION,184,4,N/A,60.1200,3.097393
2025-10-01T08:31:25.008948+00:00,CLUSTER_TEST,SAT_60,4,10,60.0500,3.121783
2025-10-01T08:31:26.525219+00:00,CLUSTER_TEST,SAT_120,4,11,60.0700,3.121859
2025-10-01T08:31:36.614388+00:00,LOCAL_VALIDATION,161,4,N/A,59.9400,3.150245
2025-10-01T08:31:46.892964+00:00,LOCAL_VALIDATION,171,4,N/A,59.7200,3.196593
2025-10-01T08:31:56.694972+00:00,LOCAL_VALIDATION,170,4,N/A,59.9200,3.095902
2025-10-01T08:31:58.218107+00:00,CLUSTER_TEST,SAT_40,4,12,60.2100,3.073575
2025-10-01T08:32:30.077256+00:00,CLUSTER_TEST,SAT_40,4,13,60.2300,3.073484
2025-10-01T08:32:58.632635+00:00,CLUSTER_TEST,SAT_20,4,14,60.2200,3.073486
2025-10-01T08:33:10.254153+00:00,LOCAL_VALIDATION,10,4,N/A,60.4400,3.140796
2025-10-01T08:33:19.832053+00:00,LOCAL_VALIDATION,29,4,N/A,59.8200,3.179276
2025-10-01T08:33:31.982739+00:00,CLUSTER_TEST,SAT_80,4,5,60.6100,3.147245
2025-10-01T08:33:49.798832+00:00,LOCAL_VALIDATION,194,4,N/A,59.5000,3.190563
2025-10-01T08:34:00.468206+00:00,CLUSTER_TEST,SAT_20,4,15,60.4700,3.101386
2025-10-01T08:34:30.744303+00:00,LOCAL_VALIDATION,117,4,N/A,59.9000,3.218731
2025-10-01T08:34:33.532306+00:00,CLUSTER_TEST,SAT_80,4,6,60.0000,3.185005
2025-10-01T08:34:35.104147+00:00,CLUSTER_TEST,SAT_180,4,1,60.0000,3.185005
2025-10-01T08:34:50.738513+00:00,LOCAL_VALIDATION,108,4,N/A,59.9200,3.180616
2025-10-01T08:35:00.441217+00:00,LOCAL_VALIDATION,118,4,N/A,60.5600,3.162974
2025-10-01T08:35:10.576426+00:00,LOCAL_VALIDATION,107,4,N/A,59.7000,3.157920
2025-10-01T08:35:11.949962+00:00,CLUSTER_TEST,SAT_20,4,16,59.9700,3.134921
2025-10-01T08:35:22.239784+00:00,LOCAL_VALIDATION,53,4,N/A,59.7200,3.163404
2025-10-01T08:35:52.286395+00:00,LOCAL_VALIDATION,184,4,N/A,60.0400,3.127308
2025-10-01T08:36:13.836311+00:00,CLUSTER_TEST,SAT_140,4,9,59.9200,3.141993
2025-10-01T08:36:43.832654+00:00,CLUSTER_TEST,SAT_20,4,17,59.9200,3.141993
2025-10-01T08:36:45.388249+00:00,CLUSTER_TEST,SAT_40,4,14,59.9100,3.142009
2025-10-01T08:37:28.251021+00:00,LOCAL_VALIDATION,93,4,N/A,60.2200,3.201621
2025-10-01T08:37:38.086791+00:00,LOCAL_VALIDATION,190,4,N/A,60.0800,3.190908
2025-10-01T08:37:48.021352+00:00,LOCAL_VALIDATION,91,4,N/A,61.2400,3.096382
2025-10-01T08:37:58.089930+00:00,LOCAL_VALIDATION,90,4,N/A,60.4200,3.123850
2025-10-01T08:38:09.988888+00:00,CLUSTER_TEST,SAT_0,4,6,60.5600,3.092609
2025-10-01T08:38:19.880515+00:00,CLUSTER_TEST,SAT_100,4,10,60.5600,3.092609
2025-10-01T08:38:21.530448+00:00,CLUSTER_TEST,SAT_120,4,12,60.5600,3.092609
2025-10-01T08:38:31.317833+00:00,LOCAL_VALIDATION,107,4,N/A,59.9000,3.175526
2025-10-01T08:38:40.873433+00:00,LOCAL_VALIDATION,119,4,N/A,60.5600,3.161955
2025-10-01T08:38:50.624403+00:00,LOCAL_VALIDATION,118,4,N/A,59.5800,3.219681
2025-10-01T08:38:52.173497+00:00,CLUSTER_TEST,SAT_20,4,18,59.8800,3.122486
2025-10-01T08:39:11.840801+00:00,LOCAL_VALIDATION,107,4,N/A,60.7000,3.245793
2025-10-01T08:39:13.467555+00:00,CLUSTER_TEST,SAT_0,4,7,60.3600,3.169935
2025-10-01T08:39:24.010154+00:00,CLUSTER_TEST,SAT_60,4,11,60.3600,3.169935
2025-10-01T08:39:25.650740+00:00,CLUSTER_TEST,SAT_80,4,7,60.3600,3.169935
2025-10-01T08:39:27.270204+00:00,CLUSTER_TEST,SAT_160,4,5,60.3600,3.169935
2025-10-01T08:40:01.514336+00:00,LOCAL_VALIDATION,170,4,N/A,60.7400,3.233243
2025-10-01T08:40:11.065009+00:00,LOCAL_VALIDATION,183,4,N/A,61.3000,3.239447
2025-10-01T08:40:12.614083+00:00,CLUSTER_TEST,SAT_40,4,15,60.1700,3.274288
2025-10-01T08:41:12.982690+00:00,CLUSTER_TEST,SAT_20,4,19,60.1700,3.274288
2025-10-01T08:41:14.703339+00:00,CLUSTER_TEST,SAT_40,4,16,60.1700,3.274288
2025-10-01T08:41:16.326737+00:00,CLUSTER_TEST,SAT_60,4,12,60.1700,3.274288
2025-10-01T08:41:42.775393+00:00,LOCAL_VALIDATION,90,4,N/A,60.8400,3.247438
2025-10-01T08:41:48.023660+00:00,CLUSTER_TEST,SAT_100,4,11,60.1100,3.260050
2025-10-01T08:42:03.026633+00:00,LOCAL_VALIDATION,81,4,N/A,60.8000,3.277237
2025-10-01T08:42:22.895187+00:00,LOCAL_VALIDATION,108,4,N/A,59.6200,3.271771
2025-10-01T08:42:24.508767+00:00,CLUSTER_TEST,SAT_120,4,13,60.5900,3.215748
2025-10-01T08:42:44.482123+00:00,LOCAL_VALIDATION,109,4,N/A,59.8200,3.307558
2025-10-01T08:42:55.214081+00:00,LOCAL_VALIDATION,118,4,N/A,59.8200,3.303627
2025-10-01T08:43:57.635669+00:00,CLUSTER_TEST,SAT_40,4,17,59.9300,3.285694
2025-10-01T08:44:10.638637+00:00,LOCAL_VALIDATION,195,4,N/A,59.7200,3.218981
2025-10-01T08:44:17.106511+00:00,CLUSTER_TEST,SAT_20,4,20,59.6000,3.252260
